id,case,construction,length_bucket,task_set,document_class,compliance_label,word_count,char_count,source_note
c1_long_01,C1,Human-generated original,long,1,HUMAN_ONLY,C,1211,7425,"Pre-2017 or legacy English human seeds from public Reddit writing posts, Wikiversity old revisions, and ICLR 2017 OpenReview reviews."
c1_long_02,C1,Human-generated original,long,2,HUMAN_ONLY,C,1251,7317,"Pre-2017 or legacy English human seeds from public Reddit writing posts, Wikiversity old revisions, and ICLR 2017 OpenReview reviews."
c1_long_03,C1,Human-generated original,long,3,HUMAN_ONLY,C,1109,6970,"Pre-2017 or legacy English human seeds from public Reddit writing posts, Wikiversity old revisions, and ICLR 2017 OpenReview reviews."
c1_long_04,C1,Human-generated original,long,4,HUMAN_ONLY,C,1080,6809,"Pre-2017 or legacy English human seeds from public Reddit writing posts, Wikiversity old revisions, and ICLR 2017 OpenReview reviews."
c1_long_05,C1,Human-generated original,long,5,HUMAN_ONLY,C,1066,6567,"Pre-2017 or legacy English human seeds from public Reddit writing posts, Wikiversity old revisions, and ICLR 2017 OpenReview reviews."
c1_long_06,C1,Human-generated original,long,6,HUMAN_ONLY,C,1078,6492,"Pre-2017 or legacy English human seeds from public Reddit writing posts, Wikiversity old revisions, and ICLR 2017 OpenReview reviews."
c1_long_07,C1,Human-generated original,long,7,HUMAN_ONLY,C,1323,7919,"Pre-2017 or legacy English human seeds from public Reddit writing posts, Wikiversity old revisions, and ICLR 2017 OpenReview reviews."
c1_long_08,C1,Human-generated original,long,8,HUMAN_ONLY,C,1036,6270,"Pre-2017 or legacy English human seeds from public Reddit writing posts, Wikiversity old revisions, and ICLR 2017 OpenReview reviews."
c1_long_09,C1,Human-generated original,long,9,HUMAN_ONLY,C,1032,6181,"Pre-2017 or legacy English human seeds from public Reddit writing posts, Wikiversity old revisions, and ICLR 2017 OpenReview reviews."
c1_long_10,C1,Human-generated original,long,10,HUMAN_ONLY,C,1005,6097,"Pre-2017 or legacy English human seeds from public Reddit writing posts, Wikiversity old revisions, and ICLR 2017 OpenReview reviews."
c1_medium_01,C1,Human-generated original,medium,1,HUMAN_ONLY,C,408,2476,"Pre-2017 or legacy English human seeds from public Reddit writing posts, Wikiversity old revisions, and ICLR 2017 OpenReview reviews."
c1_medium_02,C1,Human-generated original,medium,2,HUMAN_ONLY,C,407,2749,"Pre-2017 or legacy English human seeds from public Reddit writing posts, Wikiversity old revisions, and ICLR 2017 OpenReview reviews."
c1_medium_03,C1,Human-generated original,medium,3,HUMAN_ONLY,C,415,2670,"Pre-2017 or legacy English human seeds from public Reddit writing posts, Wikiversity old revisions, and ICLR 2017 OpenReview reviews."
c1_medium_04,C1,Human-generated original,medium,4,HUMAN_ONLY,C,415,2721,"Pre-2017 or legacy English human seeds from public Reddit writing posts, Wikiversity old revisions, and ICLR 2017 OpenReview reviews."
c1_medium_05,C1,Human-generated original,medium,5,HUMAN_ONLY,C,409,2427,"Pre-2017 or legacy English human seeds from public Reddit writing posts, Wikiversity old revisions, and ICLR 2017 OpenReview reviews."
c1_medium_06,C1,Human-generated original,medium,6,HUMAN_ONLY,C,424,2887,"Pre-2017 or legacy English human seeds from public Reddit writing posts, Wikiversity old revisions, and ICLR 2017 OpenReview reviews."
c1_medium_07,C1,Human-generated original,medium,7,HUMAN_ONLY,C,480,3289,"Pre-2017 or legacy English human seeds from public Reddit writing posts, Wikiversity old revisions, and ICLR 2017 OpenReview reviews."
c1_medium_08,C1,Human-generated original,medium,8,HUMAN_ONLY,C,529,3485,"Pre-2017 or legacy English human seeds from public Reddit writing posts, Wikiversity old revisions, and ICLR 2017 OpenReview reviews."
c1_medium_09,C1,Human-generated original,medium,9,HUMAN_ONLY,C,470,3083,"Pre-2017 or legacy English human seeds from public Reddit writing posts, Wikiversity old revisions, and ICLR 2017 OpenReview reviews."
c1_medium_10,C1,Human-generated original,medium,10,HUMAN_ONLY,C,524,3271,"Pre-2017 or legacy English human seeds from public Reddit writing posts, Wikiversity old revisions, and ICLR 2017 OpenReview reviews."
c1_short_01,C1,Human-generated original,short,1,HUMAN_ONLY,C,129,690,"Pre-2017 or legacy English human seeds from public Reddit writing posts, Wikiversity old revisions, and ICLR 2017 OpenReview reviews."
c1_short_02,C1,Human-generated original,short,2,HUMAN_ONLY,C,252,1400,"Pre-2017 or legacy English human seeds from public Reddit writing posts, Wikiversity old revisions, and ICLR 2017 OpenReview reviews."
c1_short_03,C1,Human-generated original,short,3,HUMAN_ONLY,C,318,1763,"Pre-2017 or legacy English human seeds from public Reddit writing posts, Wikiversity old revisions, and ICLR 2017 OpenReview reviews."
c1_short_04,C1,Human-generated original,short,4,HUMAN_ONLY,C,339,1759,"Pre-2017 or legacy English human seeds from public Reddit writing posts, Wikiversity old revisions, and ICLR 2017 OpenReview reviews."
c1_short_05,C1,Human-generated original,short,5,HUMAN_ONLY,C,347,1923,"Pre-2017 or legacy English human seeds from public Reddit writing posts, Wikiversity old revisions, and ICLR 2017 OpenReview reviews."
c1_short_06,C1,Human-generated original,short,6,HUMAN_ONLY,C,436,2437,"Pre-2017 or legacy English human seeds from public Reddit writing posts, Wikiversity old revisions, and ICLR 2017 OpenReview reviews."
c1_short_07,C1,Human-generated original,short,7,HUMAN_ONLY,C,328,1744,"Pre-2017 or legacy English human seeds from public Reddit writing posts, Wikiversity old revisions, and ICLR 2017 OpenReview reviews."
c1_short_08,C1,Human-generated original,short,8,HUMAN_ONLY,C,205,1121,"Pre-2017 or legacy English human seeds from public Reddit writing posts, Wikiversity old revisions, and ICLR 2017 OpenReview reviews."
c1_short_09,C1,Human-generated original,short,9,HUMAN_ONLY,C,167,896,"Pre-2017 or legacy English human seeds from public Reddit writing posts, Wikiversity old revisions, and ICLR 2017 OpenReview reviews."
c1_short_10,C1,Human-generated original,short,10,HUMAN_ONLY,C,156,874,"Pre-2017 or legacy English human seeds from public Reddit writing posts, Wikiversity old revisions, and ICLR 2017 OpenReview reviews."
c2_long_01,C2,Human-generated + AI-polished,long,1,MIXED,C,1212,7476,Preprocessed C1 ready text transformed with meaning-preserving AI polish.
c2_long_02,C2,Human-generated + AI-polished,long,2,MIXED,C,1246,7263,Preprocessed C1 ready text transformed with meaning-preserving AI polish.
c2_long_03,C2,Human-generated + AI-polished,long,3,MIXED,C,1118,7021,Preprocessed C1 ready text transformed with meaning-preserving AI polish.
c2_long_04,C2,Human-generated + AI-polished,long,4,MIXED,C,1082,6848,Preprocessed C1 ready text transformed with meaning-preserving AI polish.
c2_long_05,C2,Human-generated + AI-polished,long,5,MIXED,C,1060,6557,Preprocessed C1 ready text transformed with meaning-preserving AI polish.
c2_long_06,C2,Human-generated + AI-polished,long,6,MIXED,C,1087,6525,Preprocessed C1 ready text transformed with meaning-preserving AI polish.
c2_long_07,C2,Human-generated + AI-polished,long,7,MIXED,C,1338,8124,Preprocessed C1 ready text transformed with meaning-preserving AI polish.
c2_long_08,C2,Human-generated + AI-polished,long,8,MIXED,C,1028,6261,Preprocessed C1 ready text transformed with meaning-preserving AI polish.
c2_long_09,C2,Human-generated + AI-polished,long,9,MIXED,C,1023,6211,Preprocessed C1 ready text transformed with meaning-preserving AI polish.
c2_long_10,C2,Human-generated + AI-polished,long,10,MIXED,C,1013,6199,Preprocessed C1 ready text transformed with meaning-preserving AI polish.
c2_medium_01,C2,Human-generated + AI-polished,medium,1,MIXED,C,415,2527,Preprocessed C1 ready text transformed with meaning-preserving AI polish.
c2_medium_02,C2,Human-generated + AI-polished,medium,2,MIXED,C,39,225,Preprocessed C1 ready text transformed with meaning-preserving AI polish.
c2_medium_03,C2,Human-generated + AI-polished,medium,3,MIXED,C,411,2657,Preprocessed C1 ready text transformed with meaning-preserving AI polish.
c2_medium_04,C2,Human-generated + AI-polished,medium,4,MIXED,C,413,2714,Preprocessed C1 ready text transformed with meaning-preserving AI polish.
c2_medium_05,C2,Human-generated + AI-polished,medium,5,MIXED,C,403,2424,Preprocessed C1 ready text transformed with meaning-preserving AI polish.
c2_medium_06,C2,Human-generated + AI-polished,medium,6,MIXED,C,425,2847,Preprocessed C1 ready text transformed with meaning-preserving AI polish.
c2_medium_07,C2,Human-generated + AI-polished,medium,7,MIXED,C,473,3254,Preprocessed C1 ready text transformed with meaning-preserving AI polish.
c2_medium_08,C2,Human-generated + AI-polished,medium,8,MIXED,C,501,3355,Preprocessed C1 ready text transformed with meaning-preserving AI polish.
c2_medium_09,C2,Human-generated + AI-polished,medium,9,MIXED,C,464,3042,Preprocessed C1 ready text transformed with meaning-preserving AI polish.
c2_medium_10,C2,Human-generated + AI-polished,medium,10,MIXED,C,527,3285,Preprocessed C1 ready text transformed with meaning-preserving AI polish.
c2_short_01,C2,Human-generated + AI-polished,short,1,MIXED,C,126,701,Preprocessed C1 ready text transformed with meaning-preserving AI polish.
c2_short_02,C2,Human-generated + AI-polished,short,2,MIXED,C,179,1020,Preprocessed C1 ready text transformed with meaning-preserving AI polish.
c2_short_03,C2,Human-generated + AI-polished,short,3,MIXED,C,179,1050,Preprocessed C1 ready text transformed with meaning-preserving AI polish.
c2_short_04,C2,Human-generated + AI-polished,short,4,MIXED,C,182,972,Preprocessed C1 ready text transformed with meaning-preserving AI polish.
c2_short_05,C2,Human-generated + AI-polished,short,5,MIXED,C,179,1021,Preprocessed C1 ready text transformed with meaning-preserving AI polish.
c2_short_06,C2,Human-generated + AI-polished,short,6,MIXED,C,171,985,Preprocessed C1 ready text transformed with meaning-preserving AI polish.
c2_short_07,C2,Human-generated + AI-polished,short,7,MIXED,C,179,961,Preprocessed C1 ready text transformed with meaning-preserving AI polish.
c2_short_08,C2,Human-generated + AI-polished,short,8,MIXED,C,204,1137,Preprocessed C1 ready text transformed with meaning-preserving AI polish.
c2_short_09,C2,Human-generated + AI-polished,short,9,MIXED,C,166,895,Preprocessed C1 ready text transformed with meaning-preserving AI polish.
c2_short_10,C2,Human-generated + AI-polished,short,10,MIXED,C,152,878,Preprocessed C1 ready text transformed with meaning-preserving AI polish.
c3_long_01,C3,Human-generated non-English + AI-translated,long,1,MIXED,C,1423,7871,Non-English public-domain Project Gutenberg seeds translated to English.
c3_long_02,C3,Human-generated non-English + AI-translated,long,2,MIXED,C,1371,7589,Non-English public-domain Project Gutenberg seeds translated to English.
c3_long_03,C3,Human-generated non-English + AI-translated,long,3,MIXED,C,1155,7059,Non-English public-domain Project Gutenberg seeds translated to English.
c3_long_04,C3,Human-generated non-English + AI-translated,long,4,MIXED,C,1327,8026,Non-English public-domain Project Gutenberg seeds translated to English.
c3_long_05,C3,Human-generated non-English + AI-translated,long,5,MIXED,C,1268,7405,Non-English public-domain Project Gutenberg seeds translated to English.
c3_long_06,C3,Human-generated non-English + AI-translated,long,6,MIXED,C,1111,6040,Non-English public-domain Project Gutenberg seeds translated to English.
c3_long_07,C3,Human-generated non-English + AI-translated,long,7,MIXED,C,1259,6976,Non-English public-domain Project Gutenberg seeds translated to English.
c3_long_08,C3,Human-generated non-English + AI-translated,long,8,MIXED,C,1186,6493,Non-English public-domain Project Gutenberg seeds translated to English.
c3_long_09,C3,Human-generated non-English + AI-translated,long,9,MIXED,C,1211,6832,Non-English public-domain Project Gutenberg seeds translated to English.
c3_long_10,C3,Human-generated non-English + AI-translated,long,10,MIXED,C,1210,7135,Non-English public-domain Project Gutenberg seeds translated to English.
c3_medium_01,C3,Human-generated non-English + AI-translated,medium,1,MIXED,C,433,2676,Non-English public-domain Project Gutenberg seeds translated to English.
c3_medium_02,C3,Human-generated non-English + AI-translated,medium,2,MIXED,C,395,2546,Non-English public-domain Project Gutenberg seeds translated to English.
c3_medium_03,C3,Human-generated non-English + AI-translated,medium,3,MIXED,C,404,2655,Non-English public-domain Project Gutenberg seeds translated to English.
c3_medium_04,C3,Human-generated non-English + AI-translated,medium,4,MIXED,C,475,2967,Non-English public-domain Project Gutenberg seeds translated to English.
c3_medium_05,C3,Human-generated non-English + AI-translated,medium,5,MIXED,C,397,2552,Non-English public-domain Project Gutenberg seeds translated to English.
c3_medium_06,C3,Human-generated non-English + AI-translated,medium,6,MIXED,C,442,3020,Non-English public-domain Project Gutenberg seeds translated to English.
c3_medium_07,C3,Human-generated non-English + AI-translated,medium,7,MIXED,C,575,3590,Non-English public-domain Project Gutenberg seeds translated to English.
c3_medium_08,C3,Human-generated non-English + AI-translated,medium,8,MIXED,C,433,2623,Non-English public-domain Project Gutenberg seeds translated to English.
c3_medium_09,C3,Human-generated non-English + AI-translated,medium,9,MIXED,C,553,3799,Non-English public-domain Project Gutenberg seeds translated to English.
c3_medium_10,C3,Human-generated non-English + AI-translated,medium,10,MIXED,C,466,3296,Non-English public-domain Project Gutenberg seeds translated to English.
c3_short_01,C3,Human-generated non-English + AI-translated,short,1,MIXED,C,176,1062,Non-English public-domain Project Gutenberg seeds translated to English.
c3_short_02,C3,Human-generated non-English + AI-translated,short,2,MIXED,C,179,993,Non-English public-domain Project Gutenberg seeds translated to English.
c3_short_03,C3,Human-generated non-English + AI-translated,short,3,MIXED,C,149,840,Non-English public-domain Project Gutenberg seeds translated to English.
c3_short_04,C3,Human-generated non-English + AI-translated,short,4,MIXED,C,159,874,Non-English public-domain Project Gutenberg seeds translated to English.
c3_short_05,C3,Human-generated non-English + AI-translated,short,5,MIXED,C,194,1139,Non-English public-domain Project Gutenberg seeds translated to English.
c3_short_06,C3,Human-generated non-English + AI-translated,short,6,MIXED,C,155,854,Non-English public-domain Project Gutenberg seeds translated to English.
c3_short_07,C3,Human-generated non-English + AI-translated,short,7,MIXED,C,141,723,Non-English public-domain Project Gutenberg seeds translated to English.
c3_short_08,C3,Human-generated non-English + AI-translated,short,8,MIXED,C,178,1018,Non-English public-domain Project Gutenberg seeds translated to English.
c3_short_09,C3,Human-generated non-English + AI-translated,short,9,MIXED,C,137,722,Non-English public-domain Project Gutenberg seeds translated to English.
c3_short_10,C3,Human-generated non-English + AI-translated,short,10,MIXED,C,119,655,Non-English public-domain Project Gutenberg seeds translated to English.
c4_long_01,C4,Human-generated AI-style text,long,1,HUMAN_ONLY,C,1076,7665,Topic-aligned human responses written in an AI-associated style with no-AI confirmation.
c4_long_02,C4,Human-generated AI-style text,long,2,HUMAN_ONLY,C,1054,7382,Topic-aligned human responses written in an AI-associated style with no-AI confirmation.
c4_long_03,C4,Human-generated AI-style text,long,3,HUMAN_ONLY,C,1049,7339,Topic-aligned human responses written in an AI-associated style with no-AI confirmation.
c4_long_04,C4,Human-generated AI-style text,long,4,HUMAN_ONLY,C,1076,7266,Topic-aligned human responses written in an AI-associated style with no-AI confirmation.
c4_long_05,C4,Human-generated AI-style text,long,5,HUMAN_ONLY,C,1061,7262,Topic-aligned human responses written in an AI-associated style with no-AI confirmation.
c4_long_06,C4,Human-generated AI-style text,long,6,HUMAN_ONLY,C,1091,7548,Topic-aligned human responses written in an AI-associated style with no-AI confirmation.
c4_long_07,C4,Human-generated AI-style text,long,7,HUMAN_ONLY,C,1068,7556,Topic-aligned human responses written in an AI-associated style with no-AI confirmation.
c4_long_08,C4,Human-generated AI-style text,long,8,HUMAN_ONLY,C,1083,7598,Topic-aligned human responses written in an AI-associated style with no-AI confirmation.
c4_long_09,C4,Human-generated AI-style text,long,9,HUMAN_ONLY,C,1062,7504,Topic-aligned human responses written in an AI-associated style with no-AI confirmation.
c4_long_10,C4,Human-generated AI-style text,long,10,HUMAN_ONLY,C,1043,7396,Topic-aligned human responses written in an AI-associated style with no-AI confirmation.
c4_medium_01,C4,Human-generated AI-style text,medium,1,HUMAN_ONLY,C,516,3410,Topic-aligned human responses written in an AI-associated style with no-AI confirmation.
c4_medium_02,C4,Human-generated AI-style text,medium,2,HUMAN_ONLY,C,491,3443,Topic-aligned human responses written in an AI-associated style with no-AI confirmation.
c4_medium_03,C4,Human-generated AI-style text,medium,3,HUMAN_ONLY,C,499,3364,Topic-aligned human responses written in an AI-associated style with no-AI confirmation.
c4_medium_04,C4,Human-generated AI-style text,medium,4,HUMAN_ONLY,C,508,3507,Topic-aligned human responses written in an AI-associated style with no-AI confirmation.
c4_medium_05,C4,Human-generated AI-style text,medium,5,HUMAN_ONLY,C,499,3388,Topic-aligned human responses written in an AI-associated style with no-AI confirmation.
c4_medium_06,C4,Human-generated AI-style text,medium,6,HUMAN_ONLY,C,495,3333,Topic-aligned human responses written in an AI-associated style with no-AI confirmation.
c4_medium_07,C4,Human-generated AI-style text,medium,7,HUMAN_ONLY,C,515,3570,Topic-aligned human responses written in an AI-associated style with no-AI confirmation.
c4_medium_08,C4,Human-generated AI-style text,medium,8,HUMAN_ONLY,C,498,3603,Topic-aligned human responses written in an AI-associated style with no-AI confirmation.
c4_medium_09,C4,Human-generated AI-style text,medium,9,HUMAN_ONLY,C,516,3337,Topic-aligned human responses written in an AI-associated style with no-AI confirmation.
c4_medium_10,C4,Human-generated AI-style text,medium,10,HUMAN_ONLY,C,511,3528,Topic-aligned human responses written in an AI-associated style with no-AI confirmation.
c4_short_01,C4,Human-generated AI-style text,short,1,HUMAN_ONLY,C,155,837,Topic-aligned human responses written in an AI-associated style with no-AI confirmation.
c4_short_02,C4,Human-generated AI-style text,short,2,HUMAN_ONLY,C,151,843,Topic-aligned human responses written in an AI-associated style with no-AI confirmation.
c4_short_03,C4,Human-generated AI-style text,short,3,HUMAN_ONLY,C,155,925,Topic-aligned human responses written in an AI-associated style with no-AI confirmation.
c4_short_04,C4,Human-generated AI-style text,short,4,HUMAN_ONLY,C,153,844,Topic-aligned human responses written in an AI-associated style with no-AI confirmation.
c4_short_05,C4,Human-generated AI-style text,short,5,HUMAN_ONLY,C,158,914,Topic-aligned human responses written in an AI-associated style with no-AI confirmation.
c4_short_06,C4,Human-generated AI-style text,short,6,HUMAN_ONLY,C,161,920,Topic-aligned human responses written in an AI-associated style with no-AI confirmation.
c4_short_07,C4,Human-generated AI-style text,short,7,HUMAN_ONLY,C,160,881,Topic-aligned human responses written in an AI-associated style with no-AI confirmation.
c4_short_08,C4,Human-generated AI-style text,short,8,HUMAN_ONLY,C,159,951,Topic-aligned human responses written in an AI-associated style with no-AI confirmation.
c4_short_09,C4,Human-generated AI-style text,short,9,HUMAN_ONLY,C,159,848,Topic-aligned human responses written in an AI-associated style with no-AI confirmation.
c4_short_10,C4,Human-generated AI-style text,short,10,HUMAN_ONLY,C,162,927,Topic-aligned human responses written in an AI-associated style with no-AI confirmation.
n1_long_01,N1,AI-generated original,long,1,AI_ONLY,NC,1564,11014,AI generation from C1-aligned extracted topics and length buckets.
n1_long_02,N1,AI-generated original,long,2,AI_ONLY,NC,1686,11707,AI generation from C1-aligned extracted topics and length buckets.
n1_long_03,N1,AI-generated original,long,3,AI_ONLY,NC,1587,11008,AI generation from C1-aligned extracted topics and length buckets.
n1_long_04,N1,AI-generated original,long,4,AI_ONLY,NC,1749,11991,AI generation from C1-aligned extracted topics and length buckets.
n1_long_05,N1,AI-generated original,long,5,AI_ONLY,NC,1625,11032,AI generation from C1-aligned extracted topics and length buckets.
n1_long_06,N1,AI-generated original,long,6,AI_ONLY,NC,1558,10530,AI generation from C1-aligned extracted topics and length buckets.
n1_long_07,N1,AI-generated original,long,7,AI_ONLY,NC,1548,10419,AI generation from C1-aligned extracted topics and length buckets.
n1_long_08,N1,AI-generated original,long,8,AI_ONLY,NC,1691,11701,AI generation from C1-aligned extracted topics and length buckets.
n1_long_09,N1,AI-generated original,long,9,AI_ONLY,NC,1445,9941,AI generation from C1-aligned extracted topics and length buckets.
n1_long_10,N1,AI-generated original,long,10,AI_ONLY,NC,1533,10745,AI generation from C1-aligned extracted topics and length buckets.
n1_medium_01,N1,AI-generated original,medium,1,AI_ONLY,NC,595,3900,AI generation from C1-aligned extracted topics and length buckets.
n1_medium_02,N1,AI-generated original,medium,2,AI_ONLY,NC,587,3790,AI generation from C1-aligned extracted topics and length buckets.
n1_medium_03,N1,AI-generated original,medium,3,AI_ONLY,NC,622,3991,AI generation from C1-aligned extracted topics and length buckets.
n1_medium_04,N1,AI-generated original,medium,4,AI_ONLY,NC,590,4016,AI generation from C1-aligned extracted topics and length buckets.
n1_medium_05,N1,AI-generated original,medium,5,AI_ONLY,NC,624,4025,AI generation from C1-aligned extracted topics and length buckets.
n1_medium_06,N1,AI-generated original,medium,6,AI_ONLY,NC,586,3845,AI generation from C1-aligned extracted topics and length buckets.
n1_medium_07,N1,AI-generated original,medium,7,AI_ONLY,NC,601,4051,AI generation from C1-aligned extracted topics and length buckets.
n1_medium_08,N1,AI-generated original,medium,8,AI_ONLY,NC,560,3745,AI generation from C1-aligned extracted topics and length buckets.
n1_medium_09,N1,AI-generated original,medium,9,AI_ONLY,NC,560,3643,AI generation from C1-aligned extracted topics and length buckets.
n1_medium_10,N1,AI-generated original,medium,10,AI_ONLY,NC,572,3803,AI generation from C1-aligned extracted topics and length buckets.
n1_short_01,N1,AI-generated original,short,1,AI_ONLY,NC,163,884,AI generation from C1-aligned extracted topics and length buckets.
n1_short_02,N1,AI-generated original,short,2,AI_ONLY,NC,158,914,AI generation from C1-aligned extracted topics and length buckets.
n1_short_03,N1,AI-generated original,short,3,AI_ONLY,NC,153,873,AI generation from C1-aligned extracted topics and length buckets.
n1_short_04,N1,AI-generated original,short,4,AI_ONLY,NC,157,834,AI generation from C1-aligned extracted topics and length buckets.
n1_short_05,N1,AI-generated original,short,5,AI_ONLY,NC,167,975,AI generation from C1-aligned extracted topics and length buckets.
n1_short_06,N1,AI-generated original,short,6,AI_ONLY,NC,162,903,AI generation from C1-aligned extracted topics and length buckets.
n1_short_07,N1,AI-generated original,short,7,AI_ONLY,NC,162,888,AI generation from C1-aligned extracted topics and length buckets.
n1_short_08,N1,AI-generated original,short,8,AI_ONLY,NC,170,1026,AI generation from C1-aligned extracted topics and length buckets.
n1_short_09,N1,AI-generated original,short,9,AI_ONLY,NC,171,946,AI generation from C1-aligned extracted topics and length buckets.
n1_short_10,N1,AI-generated original,short,10,AI_ONLY,NC,171,973,AI generation from C1-aligned extracted topics and length buckets.
n2_long_01,N2,AI-generated + human-polished,long,1,MIXED,NC,1532,10723,N1 AI drafts polished by human editors with no-additional-AI confirmation.
n2_long_02,N2,AI-generated + human-polished,long,2,MIXED,NC,1635,11269,N1 AI drafts polished by human editors with no-additional-AI confirmation.
n2_long_03,N2,AI-generated + human-polished,long,3,MIXED,NC,1538,10577,N1 AI drafts polished by human editors with no-additional-AI confirmation.
n2_long_04,N2,AI-generated + human-polished,long,4,MIXED,NC,1635,11156,N1 AI drafts polished by human editors with no-additional-AI confirmation.
n2_long_05,N2,AI-generated + human-polished,long,5,MIXED,NC,1604,10611,N1 AI drafts polished by human editors with no-additional-AI confirmation.
n2_long_06,N2,AI-generated + human-polished,long,6,MIXED,NC,1535,10208,N1 AI drafts polished by human editors with no-additional-AI confirmation.
n2_long_07,N2,AI-generated + human-polished,long,7,MIXED,NC,1518,10109,N1 AI drafts polished by human editors with no-additional-AI confirmation.
n2_long_08,N2,AI-generated + human-polished,long,8,MIXED,NC,1581,10918,N1 AI drafts polished by human editors with no-additional-AI confirmation.
n2_long_09,N2,AI-generated + human-polished,long,9,MIXED,NC,1421,9690,N1 AI drafts polished by human editors with no-additional-AI confirmation.
n2_long_10,N2,AI-generated + human-polished,long,10,MIXED,NC,1477,10206,N1 AI drafts polished by human editors with no-additional-AI confirmation.
n2_medium_01,N2,AI-generated + human-polished,medium,1,MIXED,NC,590,3749,N1 AI drafts polished by human editors with no-additional-AI confirmation.
n2_medium_02,N2,AI-generated + human-polished,medium,2,MIXED,NC,562,3541,N1 AI drafts polished by human editors with no-additional-AI confirmation.
n2_medium_03,N2,AI-generated + human-polished,medium,3,MIXED,NC,610,3875,N1 AI drafts polished by human editors with no-additional-AI confirmation.
n2_medium_04,N2,AI-generated + human-polished,medium,4,MIXED,NC,605,3946,N1 AI drafts polished by human editors with no-additional-AI confirmation.
n2_medium_05,N2,AI-generated + human-polished,medium,5,MIXED,NC,591,3669,N1 AI drafts polished by human editors with no-additional-AI confirmation.
n2_medium_06,N2,AI-generated + human-polished,medium,6,MIXED,NC,564,3642,N1 AI drafts polished by human editors with no-additional-AI confirmation.
n2_medium_07,N2,AI-generated + human-polished,medium,7,MIXED,NC,603,3924,N1 AI drafts polished by human editors with no-additional-AI confirmation.
n2_medium_08,N2,AI-generated + human-polished,medium,8,MIXED,NC,549,3611,N1 AI drafts polished by human editors with no-additional-AI confirmation.
n2_medium_09,N2,AI-generated + human-polished,medium,9,MIXED,NC,565,3562,N1 AI drafts polished by human editors with no-additional-AI confirmation.
n2_medium_10,N2,AI-generated + human-polished,medium,10,MIXED,NC,541,3560,N1 AI drafts polished by human editors with no-additional-AI confirmation.
n2_short_01,N2,AI-generated + human-polished,short,1,MIXED,NC,160,851,N1 AI drafts polished by human editors with no-additional-AI confirmation.
n2_short_02,N2,AI-generated + human-polished,short,2,MIXED,NC,159,892,N1 AI drafts polished by human editors with no-additional-AI confirmation.
n2_short_03,N2,AI-generated + human-polished,short,3,MIXED,NC,154,874,N1 AI drafts polished by human editors with no-additional-AI confirmation.
n2_short_04,N2,AI-generated + human-polished,short,4,MIXED,NC,159,840,N1 AI drafts polished by human editors with no-additional-AI confirmation.
n2_short_05,N2,AI-generated + human-polished,short,5,MIXED,NC,164,943,N1 AI drafts polished by human editors with no-additional-AI confirmation.
n2_short_06,N2,AI-generated + human-polished,short,6,MIXED,NC,158,876,N1 AI drafts polished by human editors with no-additional-AI confirmation.
n2_short_07,N2,AI-generated + human-polished,short,7,MIXED,NC,158,868,N1 AI drafts polished by human editors with no-additional-AI confirmation.
n2_short_08,N2,AI-generated + human-polished,short,8,MIXED,NC,160,971,N1 AI drafts polished by human editors with no-additional-AI confirmation.
n2_short_09,N2,AI-generated + human-polished,short,9,MIXED,NC,179,953,N1 AI drafts polished by human editors with no-additional-AI confirmation.
n2_short_10,N2,AI-generated + human-polished,short,10,MIXED,NC,174,966,N1 AI drafts polished by human editors with no-additional-AI confirmation.
n3_long_01,N3,AI-generated non-English + AI-translated,long,1,AI_ONLY,NC,2007,13917,AI generation from C3-aligned extracted topics followed by AI translation to English.
n3_long_02,N3,AI-generated non-English + AI-translated,long,2,AI_ONLY,NC,1797,12312,AI generation from C3-aligned extracted topics followed by AI translation to English.
n3_long_03,N3,AI-generated non-English + AI-translated,long,3,AI_ONLY,NC,1822,12455,AI generation from C3-aligned extracted topics followed by AI translation to English.
n3_long_04,N3,AI-generated non-English + AI-translated,long,4,AI_ONLY,NC,1966,13590,AI generation from C3-aligned extracted topics followed by AI translation to English.
n3_long_05,N3,AI-generated non-English + AI-translated,long,5,AI_ONLY,NC,2093,14012,AI generation from C3-aligned extracted topics followed by AI translation to English.
n3_long_06,N3,AI-generated non-English + AI-translated,long,6,AI_ONLY,NC,2105,13874,AI generation from C3-aligned extracted topics followed by AI translation to English.
n3_long_07,N3,AI-generated non-English + AI-translated,long,7,AI_ONLY,NC,1953,12740,AI generation from C3-aligned extracted topics followed by AI translation to English.
n3_long_08,N3,AI-generated non-English + AI-translated,long,8,AI_ONLY,NC,1947,13432,AI generation from C3-aligned extracted topics followed by AI translation to English.
n3_long_09,N3,AI-generated non-English + AI-translated,long,9,AI_ONLY,NC,1861,12511,AI generation from C3-aligned extracted topics followed by AI translation to English.
n3_long_10,N3,AI-generated non-English + AI-translated,long,10,AI_ONLY,NC,1839,12739,AI generation from C3-aligned extracted topics followed by AI translation to English.
n3_medium_01,N3,AI-generated non-English + AI-translated,medium,1,AI_ONLY,NC,750,4632,AI generation from C3-aligned extracted topics followed by AI translation to English.
n3_medium_02,N3,AI-generated non-English + AI-translated,medium,2,AI_ONLY,NC,667,4168,AI generation from C3-aligned extracted topics followed by AI translation to English.
n3_medium_03,N3,AI-generated non-English + AI-translated,medium,3,AI_ONLY,NC,663,4213,AI generation from C3-aligned extracted topics followed by AI translation to English.
n3_medium_04,N3,AI-generated non-English + AI-translated,medium,4,AI_ONLY,NC,691,4530,AI generation from C3-aligned extracted topics followed by AI translation to English.
n3_medium_05,N3,AI-generated non-English + AI-translated,medium,5,AI_ONLY,NC,674,4298,AI generation from C3-aligned extracted topics followed by AI translation to English.
n3_medium_06,N3,AI-generated non-English + AI-translated,medium,6,AI_ONLY,NC,722,4464,AI generation from C3-aligned extracted topics followed by AI translation to English.
n3_medium_07,N3,AI-generated non-English + AI-translated,medium,7,AI_ONLY,NC,663,4599,AI generation from C3-aligned extracted topics followed by AI translation to English.
n3_medium_08,N3,AI-generated non-English + AI-translated,medium,8,AI_ONLY,NC,717,4691,AI generation from C3-aligned extracted topics followed by AI translation to English.
n3_medium_09,N3,AI-generated non-English + AI-translated,medium,9,AI_ONLY,NC,717,4477,AI generation from C3-aligned extracted topics followed by AI translation to English.
n3_medium_10,N3,AI-generated non-English + AI-translated,medium,10,AI_ONLY,NC,820,5264,AI generation from C3-aligned extracted topics followed by AI translation to English.
n3_short_01,N3,AI-generated non-English + AI-translated,short,1,AI_ONLY,NC,170,935,AI generation from C3-aligned extracted topics followed by AI translation to English.
n3_short_02,N3,AI-generated non-English + AI-translated,short,2,AI_ONLY,NC,220,1157,AI generation from C3-aligned extracted topics followed by AI translation to English.
n3_short_03,N3,AI-generated non-English + AI-translated,short,3,AI_ONLY,NC,188,1022,AI generation from C3-aligned extracted topics followed by AI translation to English.
n3_short_04,N3,AI-generated non-English + AI-translated,short,4,AI_ONLY,NC,175,951,AI generation from C3-aligned extracted topics followed by AI translation to English.
n3_short_05,N3,AI-generated non-English + AI-translated,short,5,AI_ONLY,NC,210,1191,AI generation from C3-aligned extracted topics followed by AI translation to English.
n3_short_06,N3,AI-generated non-English + AI-translated,short,6,AI_ONLY,NC,183,1041,AI generation from C3-aligned extracted topics followed by AI translation to English.
n3_short_07,N3,AI-generated non-English + AI-translated,short,7,AI_ONLY,NC,227,1249,AI generation from C3-aligned extracted topics followed by AI translation to English.
n3_short_08,N3,AI-generated non-English + AI-translated,short,8,AI_ONLY,NC,174,1024,AI generation from C3-aligned extracted topics followed by AI translation to English.
n3_short_09,N3,AI-generated non-English + AI-translated,short,9,AI_ONLY,NC,188,1014,AI generation from C3-aligned extracted topics followed by AI translation to English.
n3_short_10,N3,AI-generated non-English + AI-translated,short,10,AI_ONLY,NC,202,1156,AI generation from C3-aligned extracted topics followed by AI translation to English.
n4_long_01,N4,AI-generated human-style text,long,1,AI_ONLY,NC,1543,10902,AI generation from C4-aligned extracted topics and length buckets.
n4_long_02,N4,AI-generated human-style text,long,2,AI_ONLY,NC,1675,11646,AI generation from C4-aligned extracted topics and length buckets.
n4_long_03,N4,AI-generated human-style text,long,3,AI_ONLY,NC,1584,11020,AI generation from C4-aligned extracted topics and length buckets.
n4_long_04,N4,AI-generated human-style text,long,4,AI_ONLY,NC,1758,12016,AI generation from C4-aligned extracted topics and length buckets.
n4_long_05,N4,AI-generated human-style text,long,5,AI_ONLY,NC,1626,11049,AI generation from C4-aligned extracted topics and length buckets.
n4_long_06,N4,AI-generated human-style text,long,6,AI_ONLY,NC,1573,10581,AI generation from C4-aligned extracted topics and length buckets.
n4_long_07,N4,AI-generated human-style text,long,7,AI_ONLY,NC,1546,10411,AI generation from C4-aligned extracted topics and length buckets.
n4_long_08,N4,AI-generated human-style text,long,8,AI_ONLY,NC,1690,11727,AI generation from C4-aligned extracted topics and length buckets.
n4_long_09,N4,AI-generated human-style text,long,9,AI_ONLY,NC,1438,9916,AI generation from C4-aligned extracted topics and length buckets.
n4_long_10,N4,AI-generated human-style text,long,10,AI_ONLY,NC,1490,10426,AI generation from C4-aligned extracted topics and length buckets.
n4_medium_01,N4,AI-generated human-style text,medium,1,AI_ONLY,NC,593,3882,AI generation from C4-aligned extracted topics and length buckets.
n4_medium_02,N4,AI-generated human-style text,medium,2,AI_ONLY,NC,583,3770,AI generation from C4-aligned extracted topics and length buckets.
n4_medium_03,N4,AI-generated human-style text,medium,3,AI_ONLY,NC,614,3876,AI generation from C4-aligned extracted topics and length buckets.
n4_medium_04,N4,AI-generated human-style text,medium,4,AI_ONLY,NC,589,4003,AI generation from C4-aligned extracted topics and length buckets.
n4_medium_05,N4,AI-generated human-style text,medium,5,AI_ONLY,NC,534,3442,AI generation from C4-aligned extracted topics and length buckets.
n4_medium_06,N4,AI-generated human-style text,medium,6,AI_ONLY,NC,554,3649,AI generation from C4-aligned extracted topics and length buckets.
n4_medium_07,N4,AI-generated human-style text,medium,7,AI_ONLY,NC,612,4156,AI generation from C4-aligned extracted topics and length buckets.
n4_medium_08,N4,AI-generated human-style text,medium,8,AI_ONLY,NC,567,3792,AI generation from C4-aligned extracted topics and length buckets.
n4_medium_09,N4,AI-generated human-style text,medium,9,AI_ONLY,NC,562,3655,AI generation from C4-aligned extracted topics and length buckets.
n4_medium_10,N4,AI-generated human-style text,medium,10,AI_ONLY,NC,561,3732,AI generation from C4-aligned extracted topics and length buckets.
n4_short_01,N4,AI-generated human-style text,short,1,AI_ONLY,NC,127,691,AI generation from C4-aligned extracted topics and length buckets.
n4_short_02,N4,AI-generated human-style text,short,2,AI_ONLY,NC,173,997,AI generation from C4-aligned extracted topics and length buckets.
n4_short_03,N4,AI-generated human-style text,short,3,AI_ONLY,NC,154,868,AI generation from C4-aligned extracted topics and length buckets.
n4_short_04,N4,AI-generated human-style text,short,4,AI_ONLY,NC,157,844,AI generation from C4-aligned extracted topics and length buckets.
n4_short_05,N4,AI-generated human-style text,short,5,AI_ONLY,NC,162,932,AI generation from C4-aligned extracted topics and length buckets.
n4_short_06,N4,AI-generated human-style text,short,6,AI_ONLY,NC,162,898,AI generation from C4-aligned extracted topics and length buckets.
n4_short_07,N4,AI-generated human-style text,short,7,AI_ONLY,NC,167,899,AI generation from C4-aligned extracted topics and length buckets.
n4_short_08,N4,AI-generated human-style text,short,8,AI_ONLY,NC,169,1016,AI generation from C4-aligned extracted topics and length buckets.
n4_short_09,N4,AI-generated human-style text,short,9,AI_ONLY,NC,173,957,AI generation from C4-aligned extracted topics and length buckets.
n4_short_10,N4,AI-generated human-style text,short,10,AI_ONLY,NC,163,948,AI generation from C4-aligned extracted topics and length buckets.
